{"cameraMode":{"drawMode":0,"name":"Shaded","section":"Shading Mode"},"sceneLighting":true,"audioPlay":false,"sceneViewState":{"m_AlwaysRefresh":false,"showFog":true,"showSkybox":false,"showFlares":true,"showImageEffects":false,"showParticleSystems":true,"showVisualEffectGraphs":true,"m_FxEnabled":true},"in2DMode":false,"pivot":{"x":20.661346435546876,"y":-4.9977264404296879,"z":-129.16134643554688},"rotation":{"x":-0.043294984847307208,"y":0.9086170792579651,"z":-0.09742017090320587,"w":-0.4038034975528717},"size":60.62178421020508,"orthographic":false}