{"cameraMode":{"drawMode":0,"name":"Shaded","section":"Shading Mode"},"sceneLighting":false,"audioPlay":false,"sceneViewState":{"m_AlwaysRefresh":false,"showFog":true,"showSkybox":false,"showFlares":true,"showImageEffects":false,"showParticleSystems":true,"showVisualEffectGraphs":true,"m_FxEnabled":true},"in2DMode":false,"pivot":{"x":5.781877517700195,"y":2.555509090423584,"z":1.5623977184295655},"rotation":{"x":-0.024342646822333337,"y":-0.9751549959182739,"z":0.13872309029102326,"w":-0.17111657559871674},"size":0.000017073167327907868,"orthographic":false}