{"cameraMode":{"drawMode":0,"name":"Shaded","section":"Shading Mode"},"sceneLighting":false,"audioPlay":false,"sceneViewState":{"m_AlwaysRefresh":false,"showFog":true,"showSkybox":false,"showFlares":true,"showImageEffects":false,"showParticleSystems":true,"showVisualEffectGraphs":true,"m_FxEnabled":true},"in2DMode":false,"pivot":{"x":10.752695083618164,"y":0.8719794750213623,"z":-1.1138734817504883},"rotation":{"x":0.09359932690858841,"y":-0.6329830884933472,"z":0.07748565822839737,"w":0.7645935416221619},"size":0.8093074560165405,"orthographic":false}